Security Description,ISIN,CUSIP,Market Value %,GICS Sector,Country Name,MSCI ESG Rating
3M,US88579Y1010,88579Y101,0.1%,Industrials,United States,AAA
908 DEVICES,US65443P1021,65443P102,0.0%,Information Technology,United States,BB
A O SMITH CORP,US8318652091,831865209,0.0%,Industrials,United States,A
AAR CORP,US0003611052,000361105,0.0%,Industrials,United States,BBB
ABBOTT LABORATORIES,US0028241000,002824100,0.1%,Health Care,United States,BB
ABBVIE INC,US00287Y1091,00287Y109,0.0%,Health Care,United States,BBB
ABIOMED INC,US0036541003,003654100,0.0%,Health Care,United States,AA
ACACIA RESEARCH CORP,US0038813079,003881307,0.0%,Industrials,United States,
ACCENTURE PLC CLASS A,IE00B4BNMY34,G1151C101,0.0%,Information Technology,United States,AA
ACTIVISION BLIZZARD INC,US00507V1098,00507V109,0.0%,Communication Services,United States,BBB
ADOBE INC,US00724F1012,00724F101,0.0%,Information Technology,United States,AAA
ADVANCE AUTO PARTS INC,US00751Y1064,00751Y106,0.0%,Consumer Discretionary,United States,BBB
ADVANCED ENERGY INDUSTRIES INC,US0079731008,007973100,0.0%,Information Technology,United States,BBB
ADVANCED MICRO DEVICES INC,US0079031078,007903107,0.0%,Information Technology,United States,A
AERIE PHARMACEUTICALS INC,US00771V1089,00771V108,0.0%,Health Care,United States,BBB
AES CORP,US00130H1059,00130H105,0.0%,Utilities,United States,AA
AFLAC INC,US0010551028,001055102,0.0%,Financials,United States,BBB
AFRICA OIL CORP,CA00829Q1019,SB4NL0W95,0.0%,Energy,Canada,A
AFRICA OIL CORP,CA00829Q1019,00829Q101,0.0%,Energy,Canada,A
AGILENT TECHNOLOGIES INC,US00846U1016,00846U101,0.0%,Health Care,United States,AA
AGNICO EAGLE MINES LTD,CA0084741085,S20098232,0.0%,Materials,Canada,AA
AIR PRODUCTS AND CHEMICALS INC,US0091581068,009158106,0.0%,Materials,United States,BBB
AIRGAIN INC,US00938A1043,00938A104,0.0%,Information Technology,United States,
AKAMAI TECHNOLOGIES INC,US00971T1016,00971T101,0.0%,Information Technology,United States,A
AKOUSTIS TECHNOLOGIES INC,US00973N1028,00973N102,0.0%,Information Technology,United States,
ALASKA AIR GROUP INC,US0116591092,011659109,0.0%,Industrials,United States,A
ALBANY INTERNATIONAL CORP CLASS A,US0123481089,012348108,0.0%,Industrials,United States,BB
ALBEMARLE CORP,US0126531013,012653101,0.0%,Materials,United States,BBB
ALEXANDRIA REAL ESTATE EQUITIES RE,US0152711091,015271109,0.0%,Real Estate,United States,A
ALGONQUIN POWER UTILITIES CORP,CA0158571053,SB51BMR75,0.0%,Utilities,Canada,AA
ALIGN TECHNOLOGY INC,US0162551016,016255101,0.0%,Health Care,United States,A
ALIMENTATION COUCHE TARD MULTI VOT,CA01626P3043,S25281023,0.0%,Consumer Staples,Canada,A
ALLEGION PLC,IE00BFRT3W74,SBFRT3W74,0.0%,Industrials,United States,AA
ALLIANCE HEALTHCARE SERVICES INC Prvt,,BBE05NWQ2,0.0%,Health Care,United States,
ALLIANT ENERGY CORP,US0188021085,018802108,0.0%,Utilities,United States,AA
ALLSTATE CORP,US0200021014,020002101,0.0%,Financials,United States,BBB
ALPHABET INC CLASS A,US02079K3059,02079K305,0.1%,Communication Services,United States,BBB
ALPHABET INC CLASS C,US02079K1079,SBYY88Y78,0.1%,Communication Services,United States,BBB
ALTA EQUIPMENT GROUP INC CLASS A,US02128L1061,02128L106,0.0%,Industrials,United States,
ALTRA INDUSTRIAL MOTION CORP,US02208R1068,02208R106,0.0%,Industrials,United States,BBB
ALTRIA GROUP INC,US02209S1033,02209S103,0.0%,Consumer Staples,United States,BBB
AMAZON COM INC,US0231351067,023135106,0.2%,Consumer Discretionary,United States,BBB
AMBAC FINANCIAL GROUP EQUITY WARRA,US0231391162,023139116,0.0%,Financials,United States,BB
AMBAC FINANCIAL GROUP INC,US0231398845,023139884,0.0%,Financials,United States,BB
AMBARELLA INC,KYG037AX1015,SB7KH3G61,0.0%,Information Technology,United States,BB
AMCOR CDI PLC,AU000000AMC4,S60666088,0.2%,Materials,United States,AA
AMCOR PLC,JE00BJ1F3079,SBJ1F3077,0.0%,Materials,United States,AA
AMEREN CORP,US0236081024,023608102,0.0%,Utilities,United States,A
AMERESCO INC CLASS A,US02361E1082,02361E108,0.0%,Industrials,United States,BB
AMERICAN AIRLINES GROUP INC,US02376R1023,02376R102,0.0%,Industrials,United States,B
AMERICAN ELECTRIC POWER INC,US0255371017,025537101,0.0%,Utilities,United States,A
AMERICAN EXPRESS,US0258161092,025816109,0.0%,Financials,United States,AA
AMERICAN INTERNATIONAL GROUP INC,US0268747849,026874784,0.0%,Financials,United States,BBB
AMERICAN TOWER REIT CORP,US03027X1000,03027X100,0.0%,Real Estate,United States,AA
AMERICAN WATER WORKS INC,US0304201033,030420103,0.0%,Utilities,United States,A
AMERICAN WELL CORP CLASS A,US03044L1052,03044L105,0.0%,Health Care,United States,B
AMERIPRISE FINANCE INC,US03076C1062,03076C106,0.0%,Financials,United States,A
AMERISAFE INC,US03071H1005,03071H100,0.0%,Financials,United States,B
AMERISOURCEBERGEN CORP,US03073E1055,03073E105,0.0%,Health Care,United States,BBB
AMETEK INC,US0311001004,031100100,0.0%,Industrials,United States,BB
AMGEN INC,US0311621009,031162100,0.0%,Health Care,United States,AA
AMPHENOL CORP CLASS A,US0320951017,032095101,0.0%,Information Technology,United States,BBB
ANALOG DEVICES INC,US0326541051,032654105,0.0%,Information Technology,United States,BBB
ANSYS INC,US03662Q1058,03662Q105,0.0%,Information Technology,United States,AA
ANTHEM INC,US0367521038,036752103,0.0%,Health Care,United States,A
AON PLC CLASS A,IE00BLP1HW54,SBLP1HW54,0.0%,Financials,United States,BB
APA CORP,US03743Q1085,03743Q108,0.0%,,United States,
APELLIS PHARMACEUTICALS INC,US03753U1060,03753U106,0.0%,Health Care,United States,BB
APPIAN CORP CLASS A,US03782L1017,03782L101,0.0%,Information Technology,United States,A
APPLE INC,US0378331005,037833100,0.3%,Information Technology,United States,A
APPLIED MATERIAL INC,US0382221051,038222105,0.0%,Information Technology,United States,AA
APTIV PLC,JE00B783TY65,SB783TY66,0.0%,Consumer Discretionary,United States,AA
ARCHER DANIELS MIDLAND,US0394831020,039483102,0.0%,Consumer Staples,United States,AA
ARCHROCK INC,US03957W1062,03957W106,0.0%,Energy,United States,BBB
ARCUS BIOSCIENCES INC,US03969F1093,03969F109,0.0%,Health Care,United States,B
ARIS CORP PREF SHARES Prvt,,BRT12HK39,0.0%,,United States,
ARISTA NETWORKS INC,US0404131064,040413106,0.0%,Information Technology,United States,A
ARRAY TECHNOLOGIES INC,US04271T1007,04271T100,0.0%,Industrials,United States,B
ARTERIS INC,US04302A1043,04302A104,0.0%,Information Technology,United States,
ARTHUR J GALLAGHER,US3635761097,363576109,0.0%,Financials,United States,BBB
ASSURANT INC,US04621X1081,04621X108,0.0%,Financials,United States,BBB
AT&T INC,US00206R1023,00206R102,0.0%,Communication Services,United States,BB
ATMOS ENERGY CORP,US0495601058,049560105,0.0%,Utilities,United States,A
AUREN ENERGIA SA,BRAUREACNOR9,SBMXHJ829,0.0%,Utilities,United States,
AUTODESK INC,US0527691069,052769106,0.0%,Information Technology,United States,AA
AUTOMATIC DATA PROCESSING INC,US0530151036,053015103,0.0%,Information Technology,United States,AAA
AUTOZONE INC,US0533321024,053332102,0.0%,Consumer Discretionary,United States,BBB
AVALONBAY COMMUNITIES REIT INC,US0534841012,053484101,0.0%,Real Estate,United States,BBB
AVAST PLC,GB00BDD85M81,SBDD85M84,0.0%,Information Technology,United States,A
AVERY DENNISON CORP,US0536111091,053611109,0.0%,Materials,United States,BBB
AXON ENTERPRISE INC,US05464C1018,05464C101,0.0%,Industrials,United States,AA
AXT INC,US00246W1036,00246W103,0.0%,Information Technology,United States,
AZENTA INC,US1143401024,114340102,0.0%,Health Care,United States,BBB
BAKER HUGHES CLASS A,US05722G1004,05722G100,0.0%,Energy,United States,AA
BALL CORP,US0584981064,058498106,0.0%,Materials,United States,AA
BANK OF AMERICA CORP,US0605051046,060505104,0.1%,Financials,United States,BBB
BANK OF MONTREAL,CA0636711016,S20760096,0.0%,Financials,Canada,AA
BANK OF NEW YORK MELLON CORP,US0640581007,064058100,0.0%,Financials,United States,AA
BANK OF NOVA SCOTIA,CA0641491075,S20762811,0.0%,Financials,Canada,AAA
BARRICK GOLD CORP,CA0679011084,S20246443,0.0%,Materials,Canada,BBB
BATH AND BODY WORKS INC,US0708301041,070830104,0.0%,Consumer Discretionary,United States,BBB
BAUSCH HEALTH COMPANIES INC,CA0717341071,SBFFY8524,0.0%,Health Care,United States,BBB
BAXTER INTERNATIONAL INC,US0718131099,071813109,0.0%,Health Care,United States,A
BCE INC,CA05534B7604,SB188TH25,0.0%,Communication Services,Canada,BBB
BEAM THERAPEUTICS INC,US07373V1052,07373V105,0.0%,Health Care,United States,BBB
BEAUTY HEALTH COMPANY CLASS A CLAS,US88331L1089,88331L108,0.0%,Consumer Staples,United States,BBB
BECTON DICKINSON,US0758871091,075887109,0.0%,Health Care,United States,BBB
BECTON DICKINSON AND COMPANY,US0758874061,075887406,0.0%,Health Care,United States,BBB
BERKSHIRE HATHAWAY INC CLASS B,US0846707026,084670702,0.0%,Financials,United States,BB
BEST BUY INC,US0865161014,086516101,0.0%,Consumer Discretionary,United States,AAA
BIO RAD LABORATORIES INC CLASS A,US0905722072,090572207,0.0%,Health Care,United States,BB
BIO TECHNE CORP,US09073M1045,09073M104,0.0%,Health Care,United States,BBB
BIOGEN INC,US09062X1037,09062X103,0.0%,Health Care,United States,AA
BIOLIFE SOLUTIONS INC,US09062W2044,09062W204,0.0%,Health Care,United States,B
BIOMERICA INC,US09061H3075,09061H307,0.0%,Health Care,United States,
BIZLINK HOLDING INC,KYG114741062,SB5SG8Y41,0.0%,Industrials,United States,
BLACKROCK INC,US09247X1019,09247X101,0.0%,Financials,United States,AA
BLUEPRINT MEDICINES CORP,US09627Y1091,09627Y109,0.0%,Health Care,United States,B
BOEING,US0970231058,097023105,0.0%,Industrials,United States,BB
BOOKING HOLDINGS INC,US09857L1089,09857L108,0.0%,Consumer Discretionary,United States,BBB
BORALEX INC CLASS A,CA09950M3003,S20990842,0.0%,Utilities,Canada,AA
BORGWARNER INC,US0997241064,099724106,0.0%,Consumer Discretionary,United States,BBB
BOSTON PROPERTIES REIT INC,US1011211018,101121101,0.0%,Real Estate,United States,AA
BOSTON SCIENTIFIC CORP,US1011371077,101137107,0.0%,Health Care,United States,BB
BOX INC CLASS A,US10316T1043,10316T104,0.0%,Information Technology,United States,AA
BRIGHT HORIZONS FAMILY SOLUTIONS I,US1091941005,109194100,0.0%,Consumer Discretionary,United States,AA
BRISTOL MYERS SQUIBB,US1101221083,110122108,0.0%,Health Care,United States,AA
BROADCOM INC,US11135F1012,11135F101,0.0%,Information Technology,United States,BBB
BROADRIDGE FINANCIAL SOLUTIONS INC,US11133T1034,11133T103,0.0%,Information Technology,United States,A
BROOKFIELD ASSET MANAGEMENT INC CL,CA1125851040,S20925996,0.0%,Financials,Canada,AA
BROOKFIELD RENEWABLE SUBORDINATE V,CA11284V1058,11284V105,0.0%,Utilities,United States,BBB
BROWN & BROWN INC,US1152361010,115236101,0.0%,Financials,United States,BB
BROWN FORMAN CORP CLASS B,US1156372096,115637209,0.0%,Consumer Staples,United States,AA
BUMBLE INC CLASS A,US12047B1052,12047B105,0.0%,Communication Services,United States,B
CABOT CORP,US1270551013,127055101,0.0%,Materials,United States,BB
CADENCE DESIGN SYSTEMS INC,US1273871087,127387108,0.0%,Information Technology,United States,AA
CAE INC,CA1247651088,S21627609,0.0%,Industrials,Canada,AAA
CAESARS ENTERTAINMENT INC,US12769G1004,12769G100,0.0%,Consumer Discretionary,United States,BBB
CALLAWAY GOLF,US1311931042,131193104,0.0%,Consumer Discretionary,United States,A
CAMDEN PROPERTY TRUST REIT,US1331311027,133131102,0.0%,Real Estate,United States,BBB
CAMECO CORP,CA13321L1085,S21661608,0.0%,Energy,Canada,AA
CAMPBELL SOUP,US1344291091,134429109,0.0%,Consumer Staples,United States,AA
CANADIAN APARTMENT PROPERTIES REAL,CA1349211054,134921105,0.0%,Real Estate,Canada,BBB
CANADIAN IMPERIAL BANK OF COMMERCE,CA1360691010,S21705256,0.0%,Financials,Canada,AA
CANADIAN NATIONAL RAILWAY,CA1363751027,S21806328,0.0%,Industrials,Canada,AA
CANADIAN NATURAL RESOURCES LTD,CA1363851017,S21715735,0.0%,Energy,Canada,BBB
CANADIAN PACIFIC RAILWAY LTD,CA13645T1003,S27931153,0.0%,Industrials,Canada,A
CANADIAN TIRE LTD CLASS A,CA1366812024,136681202,0.0%,Consumer Discretionary,Canada,AA
CANADIAN UTILITIES LTD CLASS A,CA1367178326,136717832,0.0%,Utilities,Canada,A
CANOPY GROWTH CORP,CA1380351009,SBYTN3W00,0.0%,Health Care,Canada,BBB
CAPITAL ONE FINANCIAL CORP,US14040H1059,14040H105,0.0%,Financials,United States,BB
CARDINAL HEALTH INC,US14149Y1082,14149Y108,0.0%,Health Care,United States,A
CARIBOU BIOSCIENCES INC,US1420381089,142038108,0.0%,Health Care,United States,AA
CARMAX INC,US1431301027,143130102,0.0%,Consumer Discretionary,United States,A
CARNIVAL CORP,PA1436583006,143658300,0.0%,Consumer Discretionary,United States,B
CARNIVAL PLC,GB0031215220,S31215221,0.0%,Consumer Discretionary,United States,B
CARRIER GLOBAL CORP,US14448C1045,14448C104,0.0%,Industrials,United States,AA
CASELLA WASTE SYSTEMS INC CLASS A,US1474481041,147448104,0.0%,Industrials,United States,BB
CASTLE BIOSCIENCES INC,US14843C1053,14843C105,0.0%,Health Care,United States,AA
CATALENT  INC,US1488061029,148806102,0.0%,Health Care,United States,A
CATERPILLAR INC,US1491231015,149123101,0.0%,Industrials,United States,A
CBOE GLOBAL MARKETS INC,US12503M1080,12503M108,0.0%,Financials,United States,A
CBRE GROUP INC CLASS A,US12504L1098,12504L109,0.0%,Real Estate,United States,AAA
CCL INDUSTRIES INC CLASS B,CA1249003098,S21597950,0.0%,Materials,Canada,B
CDW CORP,US12514G1085,12514G108,0.0%,Information Technology,United States,BBB
CELANESE CORP,US1508701034,150870103,0.0%,Materials,United States,A
CENOVUS ENERGY EQUITY WARRANTS EXP,CA15135U1176,SBM9RCC13,0.0%,Energy,Canada,A
CENOVUS ENERGY INC,CA15135U1093,SB57FG047,0.1%,Energy,Canada,A
CENTENE CORP,US15135B1017,15135B101,0.0%,Health Care,United States,BBB
CENTERPOINT ENERGY INC,US15189T1079,15189T107,0.0%,Utilities,United States,BBB
CERIDIAN HCM HOLDING INC,US15677J1088,15677J108,0.0%,Information Technology,United States,A
CERNER CORP,US1567821046,156782104,0.0%,Health Care,United States,AA
CEVA INC,US1572101053,157210105,0.0%,Information Technology,United States,B
CF INDUSTRIES HOLDINGS INC,US1252691001,125269100,0.0%,Materials,United States,BB
CGI INC,CA12532H1047,SBJ2L5750,0.0%,Information Technology,Canada,A
CH ROBINSON WORLDWIDE INC,US12541W2098,12541W209,0.0%,Industrials,United States,AAA
CHAPARRAL ENERGY A,US15942R1335,15942R133,0.0%,Energy,United States,
CHAPARRAL ENERGY B,US15942R1418,15942R141,0.0%,Energy,United States,
CHARLES RIVER LABORATORIES INTERNA,US1598641074,159864107,0.0%,Health Care,United States,BB
CHARLES SCHWAB CORP,US8085131055,808513105,0.0%,Financials,United States,BBB
CHART INDUSTRIES INC,US16115Q3083,16115Q308,0.0%,Industrials,United States,BBB
CHARTER COMMUNICATIONS INC CLASS A,US16119P1084,16119P108,0.0%,Communication Services,United States,B
CHEFS WAREHOUSE INC,US1630861011,163086101,0.0%,Consumer Staples,United States,BBB
CHEGG INC,US1630921096,163092109,0.0%,Consumer Discretionary,United States,BB
CHEMOCENTRYX INC,US16383L1061,16383L106,0.0%,Health Care,United States,BBB
CHEVRON CORP,US1667641005,166764100,0.1%,Energy,United States,BBB
CHICKEN SOUP FOR THE SOUL ENTERTAI,US16842Q1004,16842Q100,0.0%,Communication Services,United States,
CHIPOTLE MEXICAN GRILL INC,US1696561059,169656105,0.0%,Consumer Discretionary,United States,BBB
CHUBB LTD,CH0044328745,BRSYM86Y4,0.0%,Financials,United States,A
CHURCH AND DWIGHT INC,US1713401024,171340102,0.0%,Consumer Staples,United States,A
CIENA CORP,US1717793095,171779309,0.0%,Information Technology,United States,A
CIGNA CORP,US1255231003,125523100,0.0%,Health Care,United States,A
CINCINNATI FINANCIAL CORP,US1720621010,172062101,0.0%,Financials,United States,BB
CINTAS CORP,US1729081059,172908105,0.0%,Industrials,United States,BBB
CISCO SYSTEMS INC,US17275R1023,17275R102,0.0%,Information Technology,United States,AA
CITIGROUP INC,US1729674242,172967424,0.0%,Financials,United States,A
CITIZENS FINANCIAL GROUP INC,US1746101054,174610105,0.0%,Financials,United States,A
CITRIX SYSTEMS INC,US1773761002,177376100,0.0%,Information Technology,United States,A
CLEAN ENERGY FUELS CORP,US1844991018,184499101,0.0%,Energy,United States,AA
CLOROX,US1890541097,189054109,0.0%,Consumer Staples,United States,AA
CME GROUP INC CLASS A,US12572Q1058,12572Q105,0.0%,Financials,United States,A
CMS ENERGY CORP,US1258961002,125896100,0.0%,Utilities,United States,AA
COCA-COLA,US1912161007,191216100,0.1%,Consumer Staples,United States,AA
COGNIZANT TECHNOLOGY SOLUTIONS COR,US1924461023,192446102,0.0%,Information Technology,United States,A
COLGATE-PALMOLIVE,US1941621039,194162103,0.0%,Consumer Staples,United States,AA
COLUMBUS MCKINNON CORP,US1993331057,199333105,0.0%,Industrials,United States,A
COMCAST CORP CLASS A,US20030N1019,20030N101,0.0%,Communication Services,United States,BB
COMERICA INC,US2003401070,200340107,0.0%,Financials,United States,AA
CONAGRA BRANDS INC,US2058871029,205887102,0.0%,Consumer Staples,United States,AA
CONMED CORP,US2074101013,207410101,0.0%,Health Care,United States,A
CONOCOPHILLIPS,US20825C1045,20825C104,0.0%,Energy,United States,A
CONSOLIDATED EDISON INC,US2091151041,209115104,0.0%,Utilities,United States,AA
CONSTELLATION BRANDS INC CLASS A,US21036P1084,21036P108,0.0%,Consumer Staples,United States,BBB
CONSTELLATION ENERGY CORP,US21037T1097,21037T109,0.0%,Utilities,United States,BB
CONSTELLATION SOFTWARE INC,CA21037X1006,21037X100,0.0%,Information Technology,Canada,BB
COOPER INC,US2166484020,216648402,0.0%,Health Care,United States,BBB
COPART INC,US2172041061,217204106,0.0%,Industrials,United States,A
CORE LABORATORIES NV,NL0000200384,N22717107,0.0%,Energy,United States,AA
CORNING INC,US2193501051,219350105,0.0%,Information Technology,United States,BBB
CORPORATE OFFICE PROPERTIES TRUST,US22002T1088,22002T108,0.0%,Real Estate,United States,A
CORTEVA INC,US22052L1044,22052L104,0.0%,Materials,United States,BBB
CORVEL CORP,US2210061097,221006109,0.0%,Health Care,United States,A
COSTAR GROUP INC,US22160N1090,22160N109,0.0%,Industrials,United States,B
COSTCO WHOLESALE CORP,US22160K1051,22160K105,0.0%,Consumer Staples,United States,BBB
COTERRA ENERGY INC,US1270971039,127097103,0.0%,Energy,United States,BB
COUPA SOFTWARE INC,US22266L1061,22266L106,0.0%,Information Technology,United States,A
CRACKER BARREL OLD COUNTRY STORE I,US22410J1060,22410J106,0.0%,Consumer Discretionary,United States,B
CROWN CASTLE INTERNATIONAL REIT CO,US22822V1017,22822V101,0.0%,Real Estate,United States,AA
CRYOPORT INC,US2290503075,229050307,0.0%,Health Care,United States,BBB
CSX CORP,US1264081035,126408103,0.0%,Industrials,United States,A
CUMMINS INC,US2310211063,231021106,0.0%,Industrials,United States,AA
CUSTOMERS BANCORP INC,US23204G1004,23204G100,0.0%,Financials,United States,BB
CVS HEALTH CORP,US1266501006,126650100,0.0%,Health Care,United States,A
CYBER ARK SOFTWARE LTD,IL0011334468,SBQT3XY60,0.0%,Information Technology,United States,AA
CYTOSORBENTS CORP,US23283X2062,23283X206,0.0%,Health Care,United States,
D R HORTON INC,US23331A1097,23331A109,0.0%,Consumer Discretionary,United States,BBB
DANAHER CORP,US2358511028,235851102,0.0%,Health Care,United States,A
DANAHER CORPORATION,US2358514097,235851409,0.0%,Health Care,United States,A
DARDEN RESTAURANTS INC,US2371941053,237194105,0.0%,Consumer Discretionary,United States,BB
DARLING INGREDIENTS INC,US2372661015,237266101,0.0%,Consumer Staples,United States,A
DAVITA INC,US23918K1088,23918K108,0.0%,Health Care,United States,AA
DEERE,US2441991054,244199105,0.0%,Industrials,United States,A
DEFINITIVE HEALTHCARE CORP CLASS A,US24477E1038,24477E103,0.0%,Health Care,United States,
DELTA AIR LINES INC,US2473617023,247361702,0.0%,Industrials,United States,A
DENTSPLY SIRONA INC,US24906P1093,24906P109,0.0%,Health Care,United States,A
DEVON ENERGY CORP,US25179M1036,25179M103,0.0%,Energy,United States,A
DEXCOM INC,US2521311074,252131107,0.0%,Health Care,United States,A
DIAMONDBACK ENERGY INC,US25278X1090,25278X109,0.0%,Energy,United States,BBB
DIGITAL REALTY TRUST REIT INC,US2538681030,253868103,0.0%,Real Estate,United States,A
DIGITAL TURBINE INC,US25400W1027,25400W102,0.0%,Information Technology,United States,BB
DISCOVER FINANCIAL SERVICES,US2547091080,254709108,0.0%,Financials,United States,A
DISH NETWORK CORP CLASS A,US25470M1099,25470M109,0.0%,Communication Services,United States,CCC
DIVERSIFIED ENERGY COMPANY PLC,GB00BYX7JT74,SBYX7JT73,0.0%,Energy,United States,BBB
DMC GLOBAL INC,US23291C1036,267888105,0.0%,Energy,United States,BBB
DOLLAR GENERAL CORP,US2566771059,256677105,0.0%,Consumer Discretionary,United States,BBB
DOLLAR TREE INC,US2567461080,256746108,0.0%,Consumer Discretionary,United States,BBB
DOLLARAMA INC,CA25675T1075,SB4TP9G22,0.0%,Consumer Discretionary,Canada,BBB
DOMINION ENERGY INC,US25746U1097,25746U109,0.0%,Utilities,United States,AA
DOMINOS PIZZA INC,US25754A2015,25754A201,0.0%,Consumer Discretionary,United States,BBB
DOMO INC CLASS B,US2575541055,257554105,0.0%,Information Technology,United States,BBB
DOVER CORP,US2600031080,260003108,0.0%,Industrials,United States,A
DOW INC,US2605571031,260557103,0.0%,Materials,United States,AA
DTE ENERGY,US2333311072,233331107,0.0%,Utilities,United States,AA
DUKE ENERGY CORP,US26441C2044,26441C204,0.0%,Utilities,United States,AA
DUKE REALTY REIT CORP,US2644115055,264411505,0.0%,Real Estate,United States,A
DUPONT DE NEMOURS INC,US26614N1028,26614N102,0.0%,Materials,United States,A
DXC TECHNOLOGY,US23355L1061,23355L106,0.0%,Information Technology,United States,A
EASTMAN CHEMICAL,US2774321002,277432100,0.0%,Materials,United States,BBB
EATON PLC,IE00B8KQN827,SB8KQN824,0.0%,Industrials,United States,BBB
EBAY INC,US2786421030,278642103,0.0%,Consumer Discretionary,United States,A
ECOLAB INC,US2788651006,278865100,0.0%,Materials,United States,AAA
EDISON INTERNATIONAL,US2810201077,281020107,0.0%,Utilities,United States,BBB
EDWARDS LIFESCIENCES CORP,US28176E1082,28176E108,0.0%,Health Care,United States,AA
ELECTRONIC ARTS INC,US2855121099,285512109,0.0%,Communication Services,United States,AA
ELI LILLY,US5324571083,532457108,0.0%,Health Care,United States,A
EMBECTA CORP,US29082K1051,29082K105,0.0%,Health Care,United States,
EMERA INC,CA2908761018,290876101,0.0%,Utilities,Canada,AA
EMERGENT BIOSOLUTIONS INC,US29089Q1058,29089Q105,0.0%,Health Care,United States,BB
EMERSON ELECTRIC,US2910111044,291011104,0.0%,Industrials,United States,BBB
EMINI FINANCIAL SELECT SECTOR JUN,,IXAM22020,0.0%,,United States,
ENBRIDGE INC,CA29250N1050,S24661498,0.0%,Energy,Canada,A
ENERSYS,US29275Y1029,29275Y102,0.0%,Industrials,United States,BBB
ENOVIX CORP,US2935941078,293594107,0.0%,Industrials,United States,BB
ENPHASE ENERGY INC,US29355A1079,29355A107,0.0%,Information Technology,United States,BBB
ENTEGRIS INC,US29362U1043,29362U104,0.0%,Information Technology,United States,A
ENTERGY CORP,US29364G1031,29364G103,0.0%,Utilities,United States,A
ENTERPRISE FINANCIAL SERVICES CORP,US2937121059,293712105,0.0%,Financials,United States,BB
EOG RESOURCES INC,US26875P1012,26875P101,0.0%,Energy,United States,BBB
EP ENERGY LLC Prvt,US2687852010,BPM3XHVE6,0.0%,,United States,
EPAM SYSTEMS INC,US29414B1044,29414B104,0.0%,Information Technology,United States,BBB
EQUIFAX INC,US2944291051,294429105,0.0%,Industrials,United States,BBB
EQUINIX REIT INC,US29444U7000,29444U700,0.0%,Real Estate,United States,AA
EQUITY RESIDENTIAL REIT,US29476L1070,29476L107,0.0%,Real Estate,United States,BBB
ESSEX PROPERTY TRUST REIT INC,US2971781057,297178105,0.0%,Real Estate,United States,BB
ESTEE LAUDER INC CLASS A,US5184391044,518439104,0.0%,Consumer Staples,United States,A
ETSY INC,US29786A1060,29786A106,0.0%,Consumer Discretionary,United States,BBB
EURONET WORLDWIDE INC,US2987361092,298736109,0.0%,Information Technology,United States,B
EVEREST RE GROUP LTD,BMG3223R1088,G3223R108,0.0%,Financials,United States,BB
EVERGY INC,US30034W1062,30034W106,0.0%,Utilities,United States,BBB
EVERQUOTE INC CLASS A,US30041R1086,30041R108,0.0%,Communication Services,United States,B
EVERSOURCE ENERGY,US30040W1080,30040W108,0.1%,Utilities,United States,AA
EVOLENT HEALTH INC CLASS A,US30050B1017,30050B101,0.0%,Health Care,United States,B
EXELON CORP,US30161N1019,30161N101,0.0%,Utilities,United States,A
EXPEDIA GROUP INC,US30212P3038,30212P303,0.0%,Consumer Discretionary,United States,BB
EXPEDITORS INTERNATIONAL OF WASHIN,US3021301094,302130109,0.0%,Industrials,United States,AAA
EXTRA SPACE STORAGE REIT INC,US30225T1025,30225T102,0.0%,Real Estate,United States,BB
EXXON MOBIL CORP,US30231G1022,30231G102,0.1%,Energy,United States,BBB
F5 INC,US3156161024,315616102,0.0%,Information Technology,United States,A
FACTSET RESEARCH SYSTEMS INC,US3030751057,303075105,0.0%,Financials,United States,AA
FAIRFAX FINANCIAL HOLDINGS SUB VOT,CA3039011026,S25663519,0.0%,Financials,Canada,B
FASTENAL,US3119001044,311900104,0.0%,Industrials,United States,AA
FATE THERAPEUTICS INC,US31189P1021,31189P102,0.0%,Health Care,United States,BB
FEDERAL REALTY INVESTMENT TRUST RE,US3137451015,313745101,0.0%,Real Estate,United States,BBB
FEDEX CORP,US31428X1063,31428X106,0.0%,Industrials,United States,BBB
FEMME PHARMA SERIES A PREFER Prvt,,BRW0NTHP3,0.0%,,United States,
FEMME PHARMA SERIES B PREFER Prvt,,BRW0NTHQ1,0.0%,,United States,
FEMME PHARMA SERIES C CONVE Prvt,,BRW0NTHR9,0.0%,,United States,
FEMME PHARMA SERIES C-1 PRE Prvt,,BRW0NTHS7,0.0%,,United States,
FGIC CORP Prvt,,BRTALPBD8,0.0%,,United States,
FIDELITY NATIONAL INFORMATION SERV,US31620M1062,31620M106,0.0%,Information Technology,United States,A
FIFTH THIRD BANCORP,US3167731005,316773100,0.0%,Financials,United States,A
FIGS INC CLASS A,US30260D1037,30260D103,0.0%,Health Care,United States,BBB
FIRST MERCHANTS CORP,US3208171096,320817109,0.0%,Financials,United States,BB
FIRST REPUBLIC BANK,US33616C1009,33616C100,0.0%,Financials,United States,BBB
FIRST WATCH RESTAURANT GROUP INC,US33748L1017,33748L101,0.0%,Consumer Discretionary,United States,
FIRSTCASH HOLDINGS INC,US33768G1076,SBMF5Q833,0.0%,Financials,United States,BB
FIRSTENERGY CORP,US3379321074,337932107,0.0%,Utilities,United States,BBB
FIRSTSERVICE SUBORDINATE VOTING CO,CA33767E2024,SBJMKSJ54,0.0%,Real Estate,Canada,A
FISERV INC,US3377381088,337738108,0.0%,Information Technology,United States,BBB
FLEETCOR TECHNOLOGIES INC,US3390411052,339041105,0.0%,Information Technology,United States,BB
FLEXION THERAPEUTICS INC RIGHTS Prvt,,BPM4WLH02,0.0%,Health Care,United States,
FMC CORP,US3024913036,302491303,0.0%,Materials,United States,BBB
FORD MOTOR,US3453708600,345370860,0.0%,Consumer Discretionary,United States,B
FORMFACTOR INC,US3463751087,346375108,0.0%,Information Technology,United States,B
FORTINET INC,US34959E1091,34959E109,0.0%,Information Technology,United States,BBB
FORTIS INC,CA3495531079,349553107,0.0%,Utilities,Canada,AA
FORTIVE CORP,US34959J1088,34959J108,0.0%,Industrials,United States,A
FORTUNE BRANDS HOME AND SECURITY I,US34964C1062,34964C106,0.0%,Industrials,United States,AA
FOX CORP CLASS A,US35137L1052,35137L105,0.0%,Communication Services,United States,BBB
FOX CORP CLASS B,US35137L2043,35137L204,0.0%,Communication Services,United States,BBB
FRANCO NEVADA CORP,CA3518581051,351858105,0.0%,Materials,Canada,AA
FRANKLIN ELECTRIC INC,US3535141028,353514102,0.0%,Industrials,United States,A
FRANKLIN RESOURCES INC,US3546131018,354613101,0.0%,Financials,United States,BBB
FREEPORT MCMORAN INC,US35671D8570,35671D857,0.0%,Materials,United States,BBB
GARMIN LTD,CH0114405324,SB3Z5T149,0.0%,Consumer Discretionary,United States,BBB
GARTNER INC,US3666511072,366651107,0.0%,Information Technology,United States,A
GATX CORP,US3614481030,361448103,0.0%,Industrials,United States,A
GENERAC HOLDINGS INC,US3687361044,368736104,0.0%,Industrials,United States,A
GENERAL DYNAMICS CORP,US3695501086,369550108,0.0%,Industrials,United States,BBB
GENERAL ELECTRIC,US3696043013,369604301,0.0%,Industrials,United States,BB
GENERAL MILLS INC,US3703341046,370334104,0.0%,Consumer Staples,United States,AAA
GENERAL MOTORS,US37045V1008,37045V100,0.0%,Consumer Discretionary,United States,BB
GENTHERM INC,US37253A1034,37253A103,0.0%,Consumer Discretionary,United States,A
GENUINE PARTS,US3724601055,372460105,0.0%,Consumer Discretionary,United States,BBB
GEORGE WESTON LTD,CA9611485090,961148509,0.0%,Consumer Staples,Canada,AA
GILDAN ACTIVEWEAR INC,CA3759161035,S22546451,0.0%,Consumer Discretionary,United States,AA
GILEAD SCIENCES INC,US3755581036,375558103,0.0%,Health Care,United States,AA
GLOBAL PAYMENTS INC,US37940X1028,37940X102,0.0%,Information Technology,United States,BB
GLOBANT SA,LU0974299876,SBP40HF40,0.0%,Information Technology,United States,
GLOBE LIFE INC,US37959E1029,37959E102,0.0%,Financials,United States,B
GOLDMAN SACHS GROUP INC,US38141G1040,38141G104,0.0%,Financials,United States,A
GRAY TELEVISION INC,US3893751061,389375106,0.0%,Communication Services,United States,BBB
GREAT WEST LIFECO INC,CA39138C1068,39138C106,0.0%,Financials,Canada,A
GREEN BRICK PARTNERS INC,US3927091013,392709101,0.0%,Consumer Discretionary,United States,BBB
GRID DYNAMICS HOLDINGS INC CLASS A,US39813G1094,39813G109,0.0%,Information Technology,United States,B
GROCERY OUTLET HOLDING CORP,US39874R1014,39874R101,0.0%,Consumer Staples,United States,BB
HAGERTY INC CLASS A,US4051661092,405166109,0.0%,Financials,United States,
HALLIBURTON,US4062161017,406216101,0.0%,Energy,United States,A
HANNON ARMSTRONG SUSTAINABLE INFRA,US41068X1000,41068X100,0.0%,Financials,United States,A
HARMONIC INC,US4131601027,413160102,0.0%,Information Technology,United States,A
HARTFORD FINANCIAL SERVICES GROUP,US4165151048,416515104,0.0%,Financials,United States,BBB
HASBRO INC,US4180561072,418056107,0.0%,Consumer Discretionary,United States,AAA
HCA HEALTHCARE INC,US40412C1018,40412C101,0.0%,Health Care,United States,A
HEALTH CATALYST INC,US42225T1079,42225T107,0.0%,Health Care,United States,A
HEALTHEQUITY INC,US42226A1079,42226A107,0.0%,Health Care,United States,BB
HEALTHPEAK PROPERTIES INC,US42250P1030,42250P103,0.0%,Real Estate,United States,AA
HEARTLAND FINANCIAL USA INC,US42234Q1022,42234Q102,0.0%,Financials,United States,BB
HENRY SCHEIN INC,US8064071025,806407102,0.0%,Health Care,United States,BBB
HERSHEY FOODS,US4278661081,427866108,0.0%,Consumer Staples,United States,A
HESKA CORP,US42805E3062,42805E306,0.0%,Health Care,United States,AA
HESS CORP,US42809H1077,42809H107,0.0%,Energy,United States,AAA
HEWLETT PACKARD ENTERPRISE,US42824C1099,42824C109,0.0%,Information Technology,United States,AA
HEXCEL CORP,US4282911084,428291108,0.0%,Industrials,United States,A
HILTON WORLDWIDE HOLDINGS INC,US43300A2033,43300A203,0.0%,Consumer Discretionary,United States,A
HOLOGIC INC,US4364401012,436440101,0.0%,Health Care,United States,AA
HOME DEPOT INC,US4370761029,437076102,0.0%,Consumer Discretionary,United States,AA
HONEYWELL INTERNATIONAL INC,US4385161066,438516106,0.0%,Industrials,United States,AA
HORACE MANN EDUCATORS CORP,US4403271046,440327104,0.0%,Financials,United States,BBB
HORMEL FOODS CORP,US4404521001,440452100,0.0%,Consumer Staples,United States,AA
HOST HOTELS & RESORTS REIT INC,US44107P1049,44107P104,0.0%,Real Estate,United States,BBB
HOULIHAN LOKEY INC CLASS A,US4415931009,441593100,0.0%,Financials,United States,B
HOWMET AEROSPACE INC,US4432011082,443201108,0.0%,Industrials,United States,BBB
HP INC,US40434L1052,40434L105,0.0%,Information Technology,United States,AA
HUDSON TECHNOLOGIES INC,US4441441098,444144109,0.0%,Industrials,United States,
HUMANA INC,US4448591028,444859102,0.0%,Health Care,United States,A
HUNTINGTON BANCSHARES INC,US4461501045,446150104,0.0%,Financials,United States,AA
HUNTINGTON INGALLS INDUSTRIES INC,US4464131063,446413106,0.0%,Industrials,United States,AA
HYDRO ONE LTD,CA4488112083,BRSWUXBM4,0.0%,Utilities,Canada,AA
ICAD INC,US44934S2068,44934S206,0.0%,Health Care,United States,
IDEX CORP,US45167R1041,45167R104,0.0%,Industrials,United States,AA
IDEXX LABORATORIES INC,US45168D1046,45168D104,0.0%,Health Care,United States,AA
IGM FINANCIAL INC,CA4495861060,449586106,0.0%,Financials,Canada,BBB
IHEARTMEDIA INC CLASS A,US45174J5092,45174J509,0.0%,Communication Services,United States,A
ILLINOIS TOOL INC,US4523081093,452308109,0.0%,Industrials,United States,A
ILLUMINA INC,US4523271090,452327109,0.0%,Health Care,United States,AA
IMMUNOGEN INC,US45253H1014,45253H101,0.0%,Health Care,United States,BBB
IMPERIAL OIL LTD,CA4530384086,S24542417,0.0%,Energy,Canada,A
INCYTE CORP,US45337C1027,45337C102,0.0%,Health Care,United States,BBB
INGERSOLL RAND INC,US45687V1061,45687V106,0.0%,Industrials,United States,A
INMODE LTD,IL0011595993,SBK5Z9R98,0.0%,Health Care,United States,BB
INNOVATIVE INDUSTRIAL PROPERTIES I,US45781V1017,45781V101,0.0%,Real Estate,United States,B
INSMED INC,US4576693075,457669307,0.0%,Health Care,United States,BB
INTACT FINANCIAL CORP,CA45823T1066,SB04YJV14,0.0%,Financials,Canada,AA
INTEL CORPORATION CORP,US4581401001,458140100,0.0%,Information Technology,United States,AA
INTELLIA THERAPEUTICS INC,US45826J1051,45826J105,0.0%,Health Care,United States,A
INTERCONTINENTAL EXCHANGE INC,US45866F1049,45866F104,0.0%,Financials,United States,A
INTERNATIONAL BUSINESS MACHINES CO,US4592001014,459200101,0.0%,Information Technology,United States,AA
INTERNATIONAL FLAVORS & FRAGRANCES,US4595061015,459506101,0.0%,Materials,United States,AA
INTERNATIONAL PAPER,US4601461035,460146103,0.0%,Materials,United States,A
INTERPUBLIC GROUP OF COMPANIES INC,US4606901001,460690100,0.0%,Communication Services,United States,A
INTUIT INC,US4612021034,461202103,0.0%,Information Technology,United States,AA
INTUITIVE SURGICAL INC,US46120E6023,46120E602,0.0%,Health Care,United States,A
INVESCO LTD,BMG491BT1088,SB28XP766,0.0%,Financials,United States,A
IPG PHOTONICS CORP,US44980X1090,44980X109,0.0%,Information Technology,United States,BB
IQVIA HOLDINGS INC,US46266C1053,46266C105,0.0%,Health Care,United States,BBB
IRON MOUNTAIN INC,US46284V1017,46284V101,0.0%,Real Estate,United States,A
ISHARES RUSSELL  VALUE ETF,US4642876308,464287630,0.0%,,United States,
JACK HENRY AND ASSOCIATES INC,US4262811015,426281101,0.0%,Information Technology,United States,A
JACOBS ENGINEERING GROUP INC,US4698141078,469814107,0.0%,Industrials,United States,A
JAMES HARDIE INDUSTRIES CDI PLC,AU000000JHX1,SB60QWJ28,0.0%,Materials,United States,A
JAMES RIVER GROUP HOLDINGS LTD,BMG5005R1079,SBT8RWQ50,0.0%,Financials,United States,B
JB HUNT TRANSPORT SERVICES INC,US4456581077,445658107,0.0%,Industrials,United States,A
JBS SA,BRJBSSACNOR8,SB1V74X71,0.0%,Consumer Staples,United States,CCC
JM SMUCKER,US8326964058,832696405,0.0%,Consumer Staples,United States,A
JOHNSON & JOHNSON,US4781601046,478160104,0.1%,Health Care,United States,BBB
JOHNSON CONTROLS INTERNATIONAL PLC,IE00BY7QL619,SBY7QL612,0.0%,Industrials,United States,AAA
JPMORGAN CHASE,US46625H1005,46625H100,0.1%,Financials,United States,A
JS GLOBAL LIFESTYLE LTD,KYG2S85A1045,SBKL9QV81,0.0%,Consumer Discretionary,United States,
JUNIPER NETWORKS INC,US48203R1041,48203R104,0.0%,Information Technology,United States,A
KELLOGG,US4878361082,487836108,0.0%,Consumer Staples,United States,AAA
KEYCORP,US4932671088,493267108,0.0%,Financials,United States,BBB
KEYSIGHT TECHNOLOGIES INC,US49338L1035,49338L103,0.0%,Information Technology,United States,AA
KEZAR LIFE SCIENCES INC,US49372L1008,49372L100,0.0%,Health Care,United States,
KIMBERLY CLARK CORP,US4943681035,494368103,0.0%,Consumer Staples,United States,AA
KIMCO REALTY REIT CORP,US49446R1095,49446R109,0.0%,Real Estate,United States,BBB
KINDER MORGAN INC,US49456B1017,49456B101,0.0%,Energy,United States,A
KINIKSA PHARMACEUTICALS LTD CLASS,BMG5269C1010,SBD0MGM09,0.0%,Health Care,United States,BBB
KINROSS GOLD CORP,CA4969024047,SB03Z8419,0.0%,Materials,Canada,A
KINSALE CAPITAL GROUP INC,US49714P1084,49714P108,0.0%,Financials,United States,B
KIRKLAND LAKE GOLD LTD,CA49741E1007,SBD4G3498,0.0%,Materials,Canada,
KLA CORP,US4824801009,482480100,0.0%,Information Technology,United States,BBB
KRAFT HEINZ,US5007541064,500754106,0.0%,Consumer Staples,United States,A
KROGER,US5010441013,501044101,0.0%,Consumer Staples,United States,AA
L3HARRIS TECHNOLOGIES INC,US5024311095,502431109,0.0%,Industrials,United States,A
LABORATORY CORPORATION OF AMERICA,US50540R4092,50540R409,0.0%,Health Care,United States,A
LAM RESEARCH CORP,US5128071082,512807108,0.0%,Information Technology,United States,AA
LAMB WESTON HOLDINGS INC,US5132721045,513272104,0.0%,Consumer Staples,United States,A
LAS VEGAS SANDS CORP,US5178341070,517834107,0.0%,Consumer Discretionary,United States,BBB
LEGEND BIOTECH  ADR REP CORP,US52490G1022,52490G102,0.0%,Health Care,United States,BBB
LEIDOS HOLDINGS INC,US5253271028,525327102,0.0%,Industrials,United States,AA
LENDINGTREE INC,US52603B1070,52603B107,0.0%,Financials,United States,B
LENNAR A CORP,US5260571048,526057104,0.0%,Consumer Discretionary,United States,BB
LIFE TIME GROUP HOLDINGS INC,US53190C1027,53190C102,0.0%,Consumer Discretionary,United States,
LIMELIGHT NETWORKS INC,US53261M1045,53261M104,0.0%,Information Technology,United States,BBB
LINCOLN NATIONAL CORP,US5341871094,534187109,0.0%,Financials,United States,BBB
LITHIA MOTORS INC,US5367971034,536797103,0.0%,Consumer Discretionary,United States,A
LITTELFUSE INC,US5370081045,537008104,0.0%,Information Technology,United States,BBB
LIVE NATION ENTERTAINMENT INC,US5380341090,538034109,0.0%,Communication Services,United States,BB
LIVEPERSON INC,US5381461012,538146101,0.0%,Information Technology,United States,BBB
LKQ CORP,US5018892084,501889208,0.0%,Consumer Discretionary,United States,AA
LOBLAW COMPANIES LTD,CA5394811015,539481101,0.0%,Consumer Staples,Canada,A
LOCKHEED MARTIN CORP,US5398301094,539830109,0.0%,Industrials,United States,AA
LOEWS CORP,US5404241086,540424108,0.0%,Financials,United States,BBB
LOVESAC COMPANY,US54738L1098,54738L109,0.0%,Consumer Discretionary,United States,BBB
LOWES COMPANIES INC,US5486611073,548661107,0.0%,Consumer Discretionary,United States,AA
LULULEMON ATHLETICA INC,US5500211090,550021109,0.0%,Consumer Discretionary,United States,A
LUMEN TECHNOLOGIES INC,US5502411037,550241103,0.0%,Communication Services,United States,A
LYONDELLBASELL INDUSTRIES NV CLASS,NL0009434992,SB3SPXZ39,0.0%,Materials,United States,BBB
M&T BANK CORP,US55261F1049,55261F104,0.0%,Financials,United States,BB
MAGNA INTERNATIONAL INC,CA5592224011,S25544750,0.0%,Consumer Discretionary,Canada,A
MAGNITE INC,US55955D1000,55955D100,0.0%,Communication Services,United States,BB
MANULIFE FINANCIAL CORP,CA56501R1064,S24925190,0.0%,Financials,Canada,AA
MARATHON OIL CORP,US5658491064,565849106,0.0%,Energy,United States,BBB
MARATHON PETROLEUM CORP,US56585A1025,56585A102,0.0%,Energy,United States,A
MARKETAXESS HOLDINGS INC,US57060D1081,57060D108,0.0%,Financials,United States,AA
MARRIOTT INTERNATIONAL INC CLASS A,US5719032022,571903202,0.0%,Consumer Discretionary,United States,BB
MARSH & MCLENNAN INC,US5717481023,571748102,0.0%,Financials,United States,AA
MARTIN MARIETTA MATERIALS INC,US5732841060,573284106,0.0%,Materials,United States,A
MASCO CORP,US5745991068,574599106,0.0%,Industrials,United States,A
MASIMO CORP,US5747951003,574795100,0.0%,Health Care,United States,BB
MASTERCARD INC CLASS A,US57636Q1040,57636Q104,0.0%,Information Technology,United States,A
MATCH GROUP INC,US57667L1070,57667L107,0.0%,Communication Services,United States,B
MATERION CORP,US5766901012,576690101,0.0%,Materials,United States,BBB
MCCORMICK & CO NON-VOTING INC,US5797802064,579780206,0.0%,Consumer Staples,United States,AA
MCDONALDS CORP,US5801351017,580135101,0.0%,Consumer Discretionary,United States,BBB
MCKESSON CORP,US58155Q1031,58155Q103,0.0%,Health Care,United States,BBB
MEDNAX INC,US58502B1061,58502B106,0.0%,Health Care,United States,A
MEDTRONIC PLC,IE00BTN1Y115,SBTN1Y117,0.0%,Health Care,United States,BB
MERCK & CO INC,US58933Y1055,58933Y105,0.1%,Health Care,United States,A
MERIDIAN BIOSCIENCE INC,US5895841014,589584101,0.0%,Health Care,United States,BBB
MERITAGE CORP,US59001A1025,59001A102,0.0%,Consumer Discretionary,United States,A
MESA LABORATORIES INC,US59064R1095,59064R109,0.0%,Health Care,United States,BBB
META PLATFORMS INC CLASS A,US30303M1027,30303M102,0.1%,Communication Services,United States,B
METHODE ELECTRONICS INC,US5915202007,591520200,0.0%,Information Technology,United States,A
METLIFE INC,US59156R1086,59156R108,0.0%,Financials,United States,BBB
METRO INC,CA59162N1096,59162N109,0.0%,Consumer Staples,Canada,AA
METTLER TOLEDO INC,US5926881054,592688105,0.0%,Health Care,United States,AA
MGM RESORTS INTERNATIONAL,US5529531015,552953101,0.0%,Consumer Discretionary,United States,BBB
MICROCHIP TECHNOLOGY INC,US5950171042,595017104,0.0%,Information Technology,United States,BBB
MICRON TECHNOLOGY INC,US5951121038,595112103,0.0%,Information Technology,United States,A
MICROSOFT CORP,US5949181045,594918104,0.3%,Information Technology,United States,AAA
MID AMERICA APARTMENT COMMUNITIES,US59522J1034,59522J103,0.0%,Real Estate,United States,BB
MODERNA INC,US60770K1079,60770K107,0.0%,Health Care,United States,BB
MOHAWK INDUSTRIES INC,US6081901042,608190104,0.0%,Consumer Discretionary,United States,BB
MOLINA HEALTHCARE INC,US60855R1005,60855R100,0.0%,Health Care,United States,BBB
MOLSON COORS BEVERAGE COMPANY CLAS,US60871R2094,60871R209,0.0%,Consumer Staples,United States,AAA
MONDELEZ INTERNATIONAL INC CLASS A,US6092071058,609207105,0.0%,Consumer Staples,United States,BBB
MONOLITHIC POWER SYSTEMS INC,US6098391054,609839105,0.0%,Information Technology,United States,BB
MONSTER BEVERAGE CORP,US61174X1090,61174X109,0.0%,Consumer Staples,United States,B
MOODYS CORP,US6153691059,615369105,0.0%,Financials,United States,AA
MOOG INC CLASS A,US6153942023,615394202,0.0%,Industrials,United States,AA
MORGAN STANLEY,US6174464486,617446448,0.0%,Financials,United States,AA
MOSAIC,US61945C1036,61945C103,0.0%,Materials,United States,A
MOTORCAR PARTS OF AMERICA INC,US6200711009,620071100,0.0%,Consumer Discretionary,United States,
MOTOROLA SOLUTIONS INC,US6200763075,620076307,0.0%,Information Technology,United States,AA
MSA SAFETY INC,US5534981064,553498106,0.0%,Industrials,United States,BBB
MSCI INC,US55354G1004,55354G100,0.0%,Financials,United States,
MYRIAD GENETICS INC,US62855J1043,62855J104,0.0%,Health Care,United States,BB
NASDAQ INC,US6311031081,631103108,0.0%,Financials,United States,BBB
NATERA INC,US6323071042,632307104,0.0%,Health Care,United States,BB
NATIONAL BANK OF CANADA,CA6330671034,633067103,0.0%,Financials,Canada,AA
NESTLE SA,CH0038863350,S71238703,0.2%,Consumer Staples,United States,AA
NETAPP INC,US64110D1046,64110D104,0.0%,Information Technology,United States,A
NETFLIX INC,US64110L1061,64110L106,0.0%,Communication Services,United States,BB
NEWELL BRANDS INC,US6512291062,651229106,0.0%,Consumer Discretionary,United States,A
NEWMONT,US6516391066,651639106,0.0%,Materials,United States,AA
NEWS CORP CLASS A,US65249B1098,65249B109,0.0%,Communication Services,United States,B
NEWS CORP CLASS B,US65249B2088,65249B208,0.0%,Communication Services,United States,B
NEXTERA ENERGY INC,US65339F1012,65339F101,0.0%,Utilities,United States,AA
NIELSEN HOLDINGS PLC,GB00BWFY5505,SBWFY5505,0.0%,Industrials,United States,A
NIKE INC CLASS B,US6541061031,654106103,0.0%,Consumer Discretionary,United States,A
NISOURCE INC,US65473P1057,65473P105,0.0%,Utilities,United States,AA
NORDSON CORP,US6556631025,655663102,0.0%,Industrials,United States,BBB
NORFOLK SOUTHERN CORP,US6558441084,655844108,0.0%,Industrials,United States,A
NORTHERN TRUST CORP,US6658591044,665859104,0.0%,Financials,United States,AA
NORTHROP GRUMMAN CORP,US6668071029,666807102,0.0%,Industrials,United States,AA
NORTONLIFELOCK INC,US6687711084,668771108,0.0%,Information Technology,United States,AA
NORWEGIAN CRUISE LINE HOLDINGS LTD,BMG667211046,SB9CGTC32,0.0%,Consumer Discretionary,United States,B
NRG ENERGY INC,US6293775085,629377508,0.0%,Utilities,United States,BB
NUCOR CORP,US6703461052,670346105,0.0%,Materials,United States,A
NUTANIX INC CLASS A,US67059N1081,67059N108,0.0%,Information Technology,United States,BBB
NUTRIEN LTD,CA67077M1086,SBDRJLN02,0.0%,Materials,Canada,AA
NVIDIA CORP,US67066G1040,67066G104,0.1%,Information Technology,United States,AAA
NVR INC,US62944T1051,62944T105,0.0%,Consumer Discretionary,United States,A
O REILLY AUTOMOTIVE INC,US67103H1077,67103H107,0.0%,Consumer Discretionary,United States,B
OCCIDENTAL PETROLEUM CORP,US6745991058,674599105,0.0%,Energy,United States,BBB
OLD DOMINION FREIGHT LINE INC,US6795801009,679580100,0.0%,Industrials,United States,A
OMNICOM GROUP INC,US6819191064,681919106,0.0%,Communication Services,United States,BB
ON SEMICONDUCTOR CORP,US6821891057,682189105,0.0%,Information Technology,United States,A
ONEOK INC,US6826801036,682680103,0.0%,Energy,United States,AA
ONTO INNOVATION INC,US6833441057,683344105,0.0%,Information Technology,United States,BBB
OPEN TEXT CORP,CA6837151068,S22608244,0.0%,Information Technology,Canada,AA
ORACLE CORP,US68389X1054,68389X105,0.0%,Information Technology,United States,BBB
ORGANOGENESIS HOLDINGS INC CLASS A,US68621F1021,SBF2KYH77,0.0%,Health Care,United States,B
ORGANON,US68622V1061,68622V106,0.0%,Health Care,United States,BBB
ORTHOPEDIATRICS CORP,US68752L1008,68752L100,0.0%,Health Care,United States,BB
OSI SYSTEMS INC,US6710441055,671044105,0.0%,Information Technology,United States,AA
OTIS WORLDWIDE CORP,US68902V1070,68902V107,0.0%,Industrials,United States,A
PACCAR INC,US6937181088,693718108,0.0%,Industrials,United States,BBB
PACIFIC AUTO MART USD Prvt,,BRT12F688,0.0%,,United States,
PACIFIC BIOSCIENCES OF CALIFORNIA,US69404D1081,69404D108,0.0%,Health Care,United States,BB
PACKAGING CORP OF AMERICA,US6951561090,695156109,0.0%,Materials,United States,BB
PAR TECHNOLOGY CORP,US6988841036,698884103,0.0%,Information Technology,United States,A
PARADE TECHNOLOGIES LTD,KYG6892A1085,SB6RV6764,0.0%,Information Technology,United States,B
PARAMOUNT GLOBAL CLASS B,US92556H2067,92556H206,0.0%,Communication Services,United States,A
PARKER-HANNIFIN CORP,US7010941042,701094104,0.0%,Industrials,United States,BBB
PARSONS CORP,US70202L1026,70202L102,0.0%,Industrials,United States,B
PAYCHEX INC,US7043261079,704326107,0.0%,Information Technology,United States,A
PAYCOM SOFTWARE INC,US70432V1026,70432V102,0.0%,Information Technology,United States,A
PAYLOCITY HOLDING CORP,US70438V1061,70438V106,0.0%,Information Technology,United States,A
PAYPAL HOLDINGS INC,US70450Y1038,70450Y103,0.0%,Information Technology,United States,A
PEBBLEBROOK HOTEL TRUST REIT,US70509V1008,70509V100,0.0%,Real Estate,United States,B
PEMBINA PIPELINE CORP,CA7063271034,SB4PT2P88,0.0%,Energy,Canada,A
PENN NATIONAL GAMING INC,US7075691094,707569109,0.0%,Consumer Discretionary,United States,BB
PENTAIR PLC,IE00BLS09M33,SBLS09M33,0.0%,Industrials,United States,AA
PEPSICO INC,US7134481081,713448108,0.1%,Consumer Staples,United States,AA
PERFICIENT INC,US71375U1016,71375U101,0.0%,Information Technology,United States,BBB
PERKINELMER INC,US7140461093,714046109,0.0%,Health Care,United States,BBB
PFIZER INC,US7170811035,717081103,0.0%,Health Care,United States,B
PHILIP MORRIS INTERNATIONAL INC,US7181721090,718172109,0.0%,Consumer Staples,United States,BBB
PHILLIPS,US7185461040,718546104,0.0%,Energy,United States,A
PINNACLE WEST CORP,US7234841010,723484101,0.0%,Utilities,United States,AA
PIONEER NATURAL RESOURCE,US7237871071,723787107,0.0%,Energy,United States,BBB
PLEXUS CORP,US7291321005,729132100,0.0%,Information Technology,United States,A
PLIANT THERAPEUTICS INC,US7291391057,729139105,0.0%,Health Care,United States,AA
PNC FINANCIAL SERVICES GROUP INC,US6934751057,693475105,0.0%,Financials,United States,AA
POOL CORP,US73278L1052,73278L105,0.0%,Consumer Discretionary,United States,AA
PORCH GROUP INC,US7332451043,733245104,0.0%,Consumer Discretionary,United States,B
PORTILLO S INC CLASS A,US73642K1060,73642K106,0.0%,Consumer Discretionary,United States,
POWER CORPORATION OF CANADA,CA7392391016,S26977017,0.0%,Financials,Canada,AA
POWER INTEGRATIONS INC,US7392761034,739276103,0.0%,Information Technology,United States,BBB
PPG INDUSTRIES INC,US6935061076,693506107,0.0%,Materials,United States,AA
PPL CORP,US69351T1060,69351T106,0.0%,Utilities,United States,BBB
PRINCIPAL FINANCIAL GROUP INC,US74251V1026,74251V102,0.0%,Financials,United States,BBB
PROCTER & GAMBLE,US7427181091,742718109,0.0%,Consumer Staples,United States,A
PROGRESSIVE CORP,US7433151039,743315103,0.0%,Financials,United States,BBB
PROGYNY INC,US74340E1038,74340E103,0.0%,Health Care,United States,BBB
PROLOGIS REIT INC,US74340W1036,74340W103,0.0%,Real Estate,United States,A
PROS HOLDINGS INC,US74346Y1038,74346Y103,0.0%,Information Technology,United States,BBB
PRUD LIFE CANADA EQUITY    Prvt,,BMS03P606,0.0%,,Canada,
PRUDENTIAL FINANCIAL INC,US7443201022,744320102,0.0%,Financials,United States,AA
PTC INC,US69370C1009,69370C100,0.0%,Information Technology,United States,A
PUBLIC SERVICE ENTERPRISE GROUP IN,US7445731067,744573106,0.0%,Utilities,United States,AA
PUBLIC STORAGE REIT,US74460D1090,74460D109,0.0%,Real Estate,United States,BB
PULTEGROUP INC,US7458671010,745867101,0.0%,Consumer Discretionary,United States,BBB
PURE STORAGE INC CLASS A,US74624M1027,74624M102,0.0%,Information Technology,United States,BBB
PURETECH HEALTH PLC,GB00BY2Z0H74,SBY2Z0H74,0.0%,Health Care,United States,
PVH CORP,US6936561009,693656100,0.0%,Consumer Discretionary,United States,AA
QIAGEN NV,NL0012169213,SBYXS6996,0.0%,Health Care,United States,A
QORVO INC,US74736K1016,74736K101,0.0%,Information Technology,United States,A
QUALCOMM INC,US7475251036,747525103,0.0%,Information Technology,United States,A
QUALYS INC,US74758T3032,74758T303,0.0%,Information Technology,United States,BBB
QUANTA SERVICES INC,US74762E1029,74762E102,0.0%,Industrials,United States,AA
QUANTERIX CORP,US74766Q1013,74766Q101,0.0%,Health Care,United States,BB
QUEST DIAGNOSTICS INC,US74834L1008,74834L100,0.0%,Health Care,United States,AA
RALPH LAUREN CORP CLASS A,US7512121010,751212101,0.0%,Consumer Discretionary,United States,BBB
RAPID7 INC,US7534221046,753422104,0.0%,Information Technology,United States,BBB
RAYMOND JAMES INC,US7547301090,754730109,0.0%,Financials,United States,BBB
RAYTHEON TECHNOLOGIES CORP,US75513E1010,75513E101,0.0%,Industrials,United States,A
RBC BEARINGS INC,US75524B1044,75524B104,0.0%,Industrials,United States,CCC
REALTY INCOME REIT CORP,US7561091049,756109104,0.0%,Real Estate,United States,BBB
REGENCY CENTERS REIT CORP,US7588491032,758849103,0.0%,Real Estate,United States,A
REGENERON PHARMACEUTICALS INC,US75886F1075,75886F107,0.0%,Health Care,United States,BBB
REGIONS FINANCIAL CORP,US7591EP1005,7591EP100,0.0%,Financials,United States,AA
REINSURANCE GROUP OF AMERICA INC,US7593516047,759351604,0.0%,Financials,United States,BBB
RENALYTIX ADR PLC,US75973T1016,75973T101,0.0%,Health Care,United States,B
REPLIGEN CORP,US7599161095,759916109,0.0%,Health Care,United States,BBB
REPUBLIC SERVICES INC,US7607591002,760759100,0.0%,Industrials,United States,A
RESMED INC,US7611521078,761152107,0.0%,Health Care,United States,AA
RESTAURANTS BRANDS INTERNATIONAL I,CA76131D1033,SBTF8CF02,0.0%,Consumer Discretionary,Canada,BB
REVANCE THERAPEUTICS INC,US7613301099,761330109,0.0%,Health Care,United States,A
REVOLVE GROUP CLASS A INC,US76156B1070,SBJ1FD745,0.0%,Consumer Discretionary,United States,BBB
RHI MAGNESITA NV,NL0012650360,SBYZ2JR83,0.0%,Materials,United States,AA
ROBERT HALF INTERNATIONAL INC,US7703231032,770323103,0.0%,Industrials,United States,AA
ROCKWELL AUTOMATION INC,US7739031091,773903109,0.0%,Industrials,United States,A
ROGERS COMMUNICATIONS NON-VOTING I,CA7751092007,S21690516,0.0%,Communication Services,Canada,A
ROLLINS INC,US7757111049,775711104,0.0%,Industrials,United States,A
ROPER TECHNOLOGIES INC,US7766961061,776696106,0.0%,Information Technology,United States,A
ROSS STORES INC,US7782961038,778296103,0.0%,Consumer Discretionary,United States,BBB
ROYAL BANK OF CANADA,CA7800871021,S27543834,0.1%,Financials,Canada,AA
ROYAL CARIBBEAN GROUP LTD,LR0008862868,V7780T103,0.0%,Consumer Discretionary,United States,BB
RYDER SYSTEM INC,US7835491082,783549108,0.0%,Industrials,United States,AA
S&P GLOBAL INC,US78409V1044,78409V104,0.0%,Financials,United States,AA
SABRE CORP,US78573M1045,78573M104,0.0%,Information Technology,United States,BB
SALESFORCE INC,US79466L3024,79466L302,0.0%,Information Technology,United States,AA
SAMSONITE INTERNATIONAL SA,LU0633102719,BRSC71V42,0.0%,Consumer Discretionary,United States,BBB
SANDRIDGE ENERGY EQUITY WARRANTS S,US80007P1259,80007P125,0.0%,Energy,United States,
SANDRIDGE ENERGY EQUITY WARRANTS S,US80007P1176,80007P117,0.0%,Energy,United States,
SANMINA CORP,US8010561020,801056102,0.0%,Information Technology,United States,BB
SAPUTO INC,CA8029121057,802912105,0.0%,Consumer Staples,Canada,BBB
SBA COMMUNICATIONS REIT CORP CLASS,US78410G1040,SBZ6TS235,0.0%,Real Estate,United States,A
SCHLUMBERGER NV,AN8068571086,806857108,0.0%,Energy,United States,AA
SCHNEIDER ELECTRIC,FR0000121972,S48341085,0.0%,Industrials,United States,AAA
SCOTTS MIRACLE GRO,US8101861065,810186106,0.0%,Materials,United States,BB
SEAGATE TECHNOLOGY HOLDINGS PLC,IE00BKVD2N49,SBKVD2N45,0.0%,,United States,A
SEALED AIR CORP,US81211K1007,81211K100,0.0%,Materials,United States,BBB
SEMLER SCIENTIFIC INC,US81684M1045,81684M104,0.0%,Health Care,United States,
SEMPRA,US8168511090,816851109,0.0%,Utilities,United States,A
SERVICENOW INC,US81762P1021,81762P102,0.0%,Information Technology,United States,AA
SEVENTY SEVEN ENERGY INC-DUMMY ESC Prvt,,BRT7KHQB2,0.0%,Energy,United States,
SHAW COMMUNICATIONS INC CLASS B,CA82028K2002,S28018364,0.0%,Communication Services,Canada,BB
SHERWIN WILLIAMS,US8243481061,824348106,0.0%,Materials,United States,A
SHOCKWAVE MEDICAL INC,US82489T1043,82489T104,0.0%,Health Care,United States,AA
SHOPIFY SUBORDINATE VOTING INC CLA,CA82509L1076,SBX865C78,0.0%,Information Technology,Canada,AA
SHOTSPOTTER INC,US82536T1079,82536T107,0.0%,Information Technology,United States,BBB
SI BONE INC,US8257041090,825704109,0.0%,Health Care,United States,AA
SIERRA WIRELESS INC,CA8265161064,826516106,0.0%,Information Technology,Canada,A
SIGNATURE BANK,US82669G1040,82669G104,0.0%,Financials,United States,B
SIGNIFY NV,NL0011821392,BRT1SE550,0.0%,Industrials,United States,AA
SILICON LABORATORIES INC,US8269191024,826919102,0.0%,Information Technology,United States,BBB
SILVERGATE CAPITAL CLASS A CORP,US82837P4081,SBJ1DBR49,0.0%,Financials,United States,BBB
SIMON PROPERTY GROUP REIT INC,US8288061091,828806109,0.0%,Real Estate,United States,BB
SIMS LTD,AU000000SGM7,SB0LCW759,0.0%,Materials,United States,AAA
SINCH,SE0016101844,SBKP8Q111,0.0%,Information Technology,United States,AA
SKYWORKS SOLUTIONS INC,US83088M1027,83088M102,0.0%,Information Technology,United States,A
SNAP ON INC,US8330341012,833034101,0.0%,Industrials,United States,A
SNC LAVALIN INC,CA78460T1057,78460T105,0.0%,Industrials,Canada,AA
SOLAREDGE TECHNOLOGIES INC,US83417M1045,83417M104,0.0%,Information Technology,United States,BBB
SOUTHERN,US8425871071,842587107,0.0%,Utilities,United States,A
SOUTHSTATE CORP,US8404411097,840441109,0.0%,Financials,United States,BB
SOUTHWEST AIRLINES,US8447411088,844741108,0.0%,Industrials,United States,BB
SPROUT SOCIAL INC CLASS A,US85209W1099,85209W109,0.0%,Information Technology,United States,A
SPS COMMERCE INC,US78463M1071,78463M107,0.0%,Information Technology,United States,A
SPX CORP,US7846351044,784635104,0.0%,Industrials,United States,BBB
STAG INDUSTRIAL REIT INC,US85254J1025,85254J102,0.0%,Real Estate,United States,BB
STANLEY BLACK & DECKER INC,US8545021011,854502101,0.0%,Industrials,United States,BBB
STARBUCKS CORP,US8552441094,855244109,0.0%,Consumer Discretionary,United States,BBB
STATE STREET CORP,US8574771031,857477103,0.0%,Financials,United States,A
STEELCASE INC CLASS A,US8581552036,858155203,0.0%,Industrials,United States,A
STELLANTIS NV,NL00150001Q9,SBMD8KX71,0.0%,Consumer Discretionary,United States,BB
STERIS,IE00BFY8C754,SBFY8C754,0.0%,Health Care,United States,AA
STIFEL FINANCIAL CORP,US8606301021,860630102,0.0%,Financials,United States,B
STOKE THERAPEUTICS INC,US86150R1077,86150R107,0.0%,Health Care,United States,BB
STONERIDGE INC,US86183P1021,86183P102,0.0%,Consumer Discretionary,United States,BBB
STRATASYS LTD,IL0011267213,SB7WD7D71,0.0%,Information Technology,United States,
STRYKER CORP,US8636671013,863667101,0.0%,Health Care,United States,B
SUN LIFE FINANCIAL INC,CA8667961053,S25661240,0.0%,Financials,Canada,AA
SUNCOR ENERGY INC,CA8672241079,SB3NB1P28,0.0%,Energy,Canada,A
SVB FINANCIAL GROUP,US78486Q1013,78486Q101,0.0%,Financials,United States,A
SWISS RE AG,CH0126881561,BRSC1ALQ0,0.0%,Financials,United States,AAA
SYNCHRONY FINANCIAL,US87165B1035,87165B103,0.0%,Financials,United States,A
SYNOPSYS INC,US8716071076,871607107,0.0%,Information Technology,United States,A
SYSCO CORP,US8718291078,871829107,0.0%,Consumer Staples,United States,BBB
T MOBILE US INC,US8725901040,872590104,0.0%,Communication Services,United States,BB
T ROWE PRICE GROUP INC,US74144T1088,74144T108,0.0%,Financials,United States,A
TAKE TWO INTERACTIVE SOFTWARE INC,US8740541094,874054109,0.0%,Communication Services,United States,A
TAPESTRY INC,US8760301072,876030107,0.0%,Consumer Discretionary,United States,BBB
TARGET CORP,US87612E1064,87612E106,0.0%,Consumer Discretionary,United States,AA
TC ENERGY CORP,CA87807B1076,SBJMY6G01,0.0%,Energy,Canada,A
TECHTARGET INC,US87874R1005,87874R100,0.0%,Communication Services,United States,B
TECK RESOURCES SUBORDINATE VOTING,CA8787422044,S28793271,0.0%,Materials,Canada,AA
TELADOC HEALTH INC,US87918A1051,87918A105,0.0%,Health Care,United States,A
TELEDYNE TECHNOLOGIES INC,US8793601050,879360105,0.0%,Information Technology,United States,A
TELEFLEX INC,US8793691069,879369106,0.0%,Health Care,United States,BBB
TELUS CORP,CA87971M1032,87971M103,0.0%,Communication Services,Canada,AA
TENARIS SA,LU0156801721,S75385153,0.1%,Energy,United States,BB
TERADYNE INC,US8807701029,880770102,0.0%,Information Technology,United States,BB
TESLA INC,US88160R1014,88160R101,0.1%,Consumer Discretionary,United States,A
TEXAS CAPITAL BANCSHARES INC,US88224Q1076,88224Q107,0.0%,Financials,United States,BB
TEXAS INSTRUMENT INC,US8825081040,882508104,0.0%,Information Technology,United States,AAA
TEXTRON INC,US8832031012,883203101,0.0%,Industrials,United States,A
THE VITA COCO COMPANY INC,US92846Q1076,92846Q107,0.0%,Consumer Staples,United States,
THERMO FISHER SCIENTIFIC INC,US8835561023,883556102,0.0%,Health Care,United States,BBB
THOMSON REUTERS CORP,CA8849037095,SBFXPTB06,0.0%,Industrials,Canada,A
THREDUP INC CLASS A,US88556E1029,88556E102,0.0%,Consumer Discretionary,United States,A
TIMKEN,US8873891043,887389104,0.0%,Industrials,United States,BBB
TITAN CEMENT SA,BE0974338700,BRTPWDA09,0.0%,Materials,United States,AA
TJX INC,US8725401090,872540109,0.0%,Consumer Discretionary,United States,A
TOAST INC CLASS A,US8887871080,888787108,0.0%,Information Technology,United States,
TORONTO DOMINION,CA8911605092,S28972222,0.0%,Financials,Canada,AA
TRACTOR SUPPLY,US8923561067,892356106,0.0%,Consumer Discretionary,United States,AA
TRANE TECHNOLOGIES PLC,IE00BK9ZQ967,SBK9ZQ968,0.0%,Industrials,United States,AAA
TRANSDIGM GROUP INC,US8936411003,893641100,0.0%,Industrials,United States,BB
TRAVELERS COMPANIES INC,US89417E1091,89417E109,0.0%,Financials,United States,A
TREX INC,US89531P1057,89531P105,0.0%,Industrials,United States,A
TRIMBLE INC,US8962391004,896239100,0.0%,Information Technology,United States,AA
TRUIST FINANCIAL CORP,US89832Q1094,89832Q109,0.0%,Financials,United States,A
TRUSTMARK CORP,US8984021027,898402102,0.0%,Financials,United States,BBB
TWITTER INC,US90184L1026,90184L102,0.0%,Communication Services,United States,BB
TYLER TECHNOLOGIES INC,US9022521051,902252105,0.0%,Information Technology,United States,A
TYSON FOODS INC CLASS A,US9024941034,902494103,0.0%,Consumer Staples,United States,BBB
UDR REIT INC,US9026531049,902653104,0.0%,Real Estate,United States,BB
ULTA BEAUTY INC,US90384S3031,90384S303,0.0%,Consumer Discretionary,United States,A
UNDER ARMOUR INC CLASS A,US9043111072,904311107,0.0%,Consumer Discretionary,United States,BB
UNDER ARMOUR INC CLASS C,US9043112062,904311206,0.0%,Consumer Discretionary,United States,BB
UNIFIRST CORP,US9047081040,904708104,0.0%,Industrials,United States,BBB
UNION PACIFIC CORP,US9078181081,907818108,0.0%,Industrials,United States,BBB
UNITED AIRLINES HOLDINGS INC,US9100471096,910047109,0.0%,Industrials,United States,B
UNITED BANKSHARES INC,US9099071071,909907107,0.0%,Financials,United States,BB
UNITED FIRE GROUP INC,US9103401082,910340108,0.0%,Financials,United States,B
UNITED PARCEL SERVICE INC CLASS B,US9113121068,911312106,0.0%,Industrials,United States,A
UNITED RENTALS INC,US9113631090,911363109,0.0%,Industrials,United States,A
UNITEDHEALTH GROUP INC,US91324P1021,91324P102,0.0%,Health Care,United States,BBB
UNIVERSAL HEALTH SERVICES INC CLAS,US9139031002,913903100,0.0%,Health Care,United States,CCC
US BANCORP,US9029733048,902973304,0.0%,Financials,United States,BBB
VALERO ENERGY CORP,US91913Y1001,91913Y100,0.0%,Energy,United States,A
VARONIS SYSTEMS INC,US9222801022,922280102,0.0%,Information Technology,United States,BBB
VEECO INSTRUMENTS INC,US9224171002,922417100,0.0%,Information Technology,United States,A
VEEVA SYSTEMS INC CLASS A,US9224751084,922475108,0.0%,Health Care,United States,BB
VENTAS REIT INC,US92276F1003,92276F100,0.0%,Real Estate,United States,AA
VERACYTE INC,US92337F1075,92337F107,0.0%,Health Care,United States,BB
VERICEL CORP,US92346J1088,92346J108,0.0%,Health Care,United States,BB
VERISIGN INC,US92343E1029,92343E102,0.0%,Information Technology,United States,A
VERISK ANALYTICS INC,US92345Y1064,92345Y106,0.0%,Industrials,United States,BBB
VERITONE INC,US92347M1009,92347M100,0.0%,Information Technology,United States,BB
VERIZON COMMUNICATIONS INC,US92343V1044,92343V104,0.0%,Communication Services,United States,AA
VERTEX PHARMACEUTICALS INC,US92532F1003,92532F100,0.0%,Health Care,United States,A
VF CORP,US9182041080,918204108,0.0%,Consumer Discretionary,United States,AA
VIATRIS INC,US92556V1061,92556V106,0.0%,Health Care,United States,BB
VICI PPTYS INC,US9256521090,925652109,0.0%,Real Estate,United States,BBB
VICOR CORP,US9258151029,925815102,0.0%,Industrials,United States,B
VISA INC CLASS A,US92826C8394,92826C839,0.0%,Information Technology,United States,A
VORNADO REALTY TRUST REIT,US9290421091,929042109,0.0%,Real Estate,United States,B
VULCAN MATERIALS,US9291601097,929160109,0.0%,Materials,United States,BBB
WALGREEN BOOTS ALLIANCE INC,US9314271084,931427108,0.0%,Consumer Staples,United States,A
WALMART INC,US9311421039,931142103,0.0%,Consumer Staples,United States,BBB
WALT DISNEY,US2546871060,254687106,0.0%,Communication Services,United States,A
WARNER BROS. DISCOVERY INC SERIES,US9344231041,934423104,0.0%,Communication Services,United States,BBB
WASTE CONNECTIONS INC,CA94106B1013,SBYQFRK54,0.0%,Industrials,United States,BBB
WASTE MANAGEMENT INC,US94106L1098,94106L109,0.0%,Industrials,United States,A
WATER CORP,US9418481035,941848103,0.0%,Health Care,United States,AAA
WEC ENERGY GROUP INC,US92939U1060,92939U106,0.0%,Utilities,United States,AA
WELLS FARGO,US9497461015,949746101,0.0%,Financials,United States,BB
WELLTOWER INC,US95040Q1040,95040Q104,0.0%,Real Estate,United States,AAA
WEST PHARMACEUTICAL SERVICES INC,US9553061055,955306105,0.0%,Health Care,United States,AAA
WESTERN DIGITAL CORP,US9581021055,958102105,0.0%,Information Technology,United States,BBB
WESTINGHOUSE AIR BRAKE TECHNOLOGIE,US9297401088,929740108,0.0%,Industrials,United States,BB
WESTROCK,US96145D1054,96145D105,0.0%,Materials,United States,A
WEYERHAEUSER REIT,US9621661043,962166104,0.0%,Real Estate,United States,A
WHIRLPOOL CORP,US9633201069,963320106,0.0%,Consumer Discretionary,United States,BBB
WILLIAMS INC,US9694571004,969457100,0.0%,Energy,United States,BBB
WILLIS TOWERS WATSON PLC,IE00BDB6Q211,BRSYCC972,0.0%,Financials,United States,BBB
WILLSCOT MOBILE MINI HOLDINGS CORP,US9713781048,971378104,0.0%,Industrials,United States,A
WOLVERINE WORLD WIDE INC,US9780971035,978097103,0.0%,Consumer Discretionary,United States,A
WORKFORCE HOUSING - NON VOTING E Prvt,,BPM3C4FU0,0.0%,,United States,
WORKFORCE HOUSING - VOTING E Prvt,,BPM3C4FT3,0.0%,,United States,
WORKIVA INC CLASS A,US98139A1051,98139A105,0.0%,Information Technology,United States,AA
WR BERKLEY CORP,US0844231029,084423102,0.0%,Financials,United States,BB
WW GRAINGER INC,US3848021040,384802104,0.0%,Industrials,United States,AAA
WYNN RESORTS LTD,US9831341071,983134107,0.0%,Consumer Discretionary,United States,BB
XCEL ENERGY INC,US98389B1008,98389B100,0.0%,Utilities,United States,AAA
XENCOR INC,US98401F1057,98401F105,0.0%,Health Care,United States,BB
XENON PHARMACEUTICALS INC,CA98420N1050,98420N105,0.0%,Health Care,Canada,A
XYLEM INC,US98419M1009,98419M100,0.0%,Industrials,United States,AAA
YUM BRANDS INC,US9884981013,988498101,0.0%,Consumer Discretionary,United States,BBB
ZEBRA TECHNOLOGIES CORP CLASS A,US9892071054,989207105,0.0%,Information Technology,United States,AA
ZETA GLOBAL HOLDINGS CORP CLASS A,US98956A1051,98956A105,0.0%,Information Technology,United States,
ZIMMER BIOMET HOLDINGS INC,US98956P1021,98956P102,0.0%,Health Care,United States,BB
ZIONS BANCORPORATION,US9897011071,989701107,0.0%,Financials,United States,BBB
ZOETIS INC CLASS A,US98978V1035,98978V103,0.0%,Health Care,United States,AA
ZYMEWORKS INC,CA98985W1023,98985W102,0.0%,Health Care,United States,A
